,Estrato,Estado,Habitaciones,Baños,Parqueaderos,Área construída,Área privada,Antigüedad,Piso N°,Administración,Precio m²,Precio total (COP),Tipo de apartamento
0,4,Sobre planos,,,,,,,,,,,
1,5,,3,2,1,84,84,1 a 8 años,6,$ 544.000 COP,"$ 6.369.047,62",$535.000.000,
2,3,,2,1,,37,0,1 a 8 años,,$ 100.000 COP,"$ 4.864.864,86",$180.000.000,
3,3,En construcción,,,,,,,,,,,
4,6,,3,2,2,97,97,16 a 30 años,,$ 467.000 COP,"$ 5.257.731,96",$510.000.000,
5,6,,3,3,1,230,230,16 a 30 años,13,$ 1.120.000 COP,"$ 4.782.608,7",$1.100.000.000,
6,6,,6,7,,1.200,0,,,No definida,"$ 6.666.666,67",$8.000.000.000,
7,5,Sobre planos,,,,,,,,,,,
8,3,,3,2,1,64,64,9 a 15 años,3,$ 288.000 COP,$ 4.687.500,$300.000.000,
9,4,Excelente,4,4,2,178,0,más de 30 años,2,$ 849.000 COP,"$ 3.370.786,52",$600.000.000,
10,6,,3,4,4,310,210,1 a 8 años,4,$ 1.330.000 COP,"$ 6.274.193,55",$1.945.000.000,
11,3,Excelente,4,2,1,75,0,16 a 30 años,5,$ 153.000 COP,"$ 3.866.666,67",$290.000.000,
12,5,Sobre planos,,,,,,,,,,,
13,6,,2,2,1,68,68,1 a 8 años,Otro,$ 220.000 COP,$ 7.500.000,$510.000.000,
14,4,,3,2,,129,129,9 a 15 años,2,No definida,"$ 3.488.372,09",$450.000.000,
15,4,Bueno,3,2,1,77,77,1 a 8 años,8,$ 248.000 COP,"$ 4.545.454,55",$350.000.000,
16,6,,3,2,2,110,110,16 a 30 años,3,$ 430.000 COP,"$ 5.727.272,73",$630.000.000,
17,5,Excelente,3,3,1,101,101,1 a 8 años,4,$ 350.000 COP,"$ 6.920.792,08",$699.000.000,
18,5,En construcción,,,,,,,,,,,
19,3,,2,2,,51,0,,3,No definida,"$ 5.294.117,65",$270.000.000,
20,6,,3,3,2,174,0,más de 30 años,9,$ 690.000 COP,"$ 4.310.344,83",$750.000.000,
21,5,,2,2,1,101,101,16 a 30 años,3,$ 250.000 COP,"$ 4.851.485,15",$490.000.000,
22,5,,3,2,1,73,73,16 a 30 años,4,$ 370.000 COP,"$ 6.438.356,16",$470.000.000,
23,4,,2,2,1,52,52,,12,$ 182.000 COP,"$ 5.096.153,85",$265.000.000,
24,4,Sobre planos,,,,,,,,,,,
25,6,,3,3,2,135,0,9 a 15 años,8,$ 680.000 COP,"$ 6.629.629,63",$895.000.000,
26,6,Sobre planos,,,,,,,,,,,
27,3,,4,3,1,160,0,9 a 15 años,2,No definida,$ 2.187.500,$350.000.000,
28,6,,3,4,3,402,0,más de 30 años,1,$ 1.500.000 COP,"$ 4.726.368,16",$1.900.000.000,
29,4,Bueno,4,4,1,284,284,16 a 30 años,1,$ 160.000 COP,"$ 2.887.323,94",$820.000.000,
30,5,,2,2,2,100,0,9 a 15 años,,No definida,$ 7.650.000,$765.000.000,
31,5,En construcción,,,,,,,,,,,
32,3,,2,2,1,72,72,1 a 8 años,,No definida,"$ 4.583.333,33",$330.000.000,
33,5,En construcción,,,,,,,,,,,
34,4,,1,1,,15,15,1 a 8 años,3,$ 115.000 COP,"$ 9.333.333,33",$140.000.000,
35,4,,4,4,1,262,142,1 a 8 años,6,$ 280.000 COP,"$ 4.580.152,67",$1.200.000.000,PentHouse
36,5,Sobre planos,,,,,,,,,,,
37,6,,3,5,3,205,205,menor a 1 año,13,$ 800.000 COP,"$ 8.292.682,93",$1.700.000.000,
38,3,,4,2,,90,0,,1,No definida,"$ 3.111.111,11",$280.000.000,
39,4,,3,2,1,74,74,9 a 15 años,13,$ 330.000 COP,"$ 5.810.810,81",$430.000.000,
40,5,En construcción,,,,,,,,,,,
41,4,,2,2,1,62,62,1 a 8 años,9,$ 265.000 COP,"$ 6.774.193,55",$420.000.000,
42,6,Excelente,2,3,2,189,189,1 a 8 años,12,No definida,"$ 6.878.306,88",$1.300.000.000,
43,5,,3,2,1,90,0,más de 30 años,5,$ 300.000 COP,"$ 5.211.111,11",$469.000.000,
44,5,,4,3,2,158,158,9 a 15 años,3,$ 80.000 COP,"$ 5.696.202,53",$900.000.000,
45,4,Sobre planos,,,,,,,,,,,
46,4,,3,2,1,59,0,1 a 8 años,,$ 245.000 COP,"$ 4.661.016,95",$275.000.000,
47,5,,3,4,2,250,0,,,No definida,$ 3.680.000,$920.000.000,
48,6,,3,4,2,128,128,1 a 8 años,,$ 494.000 COP,$ 7.812.500,$1.000.000.000,
49,5,,3,2,1,67,67,,Otro,$ 250.000 COP,"$ 6.865.671,64",$460.000.000,
50,3,,2,2,1,54,54,9 a 15 años,8,$ 180.000 COP,"$ 4.722.222,22",$255.000.000,
51,5,Sobre planos,,,,,,,,,,,
52,6,Excelente,3,5,3,320,320,16 a 30 años,3,$ 1.200.000 COP,$ 4.875.000,$1.560.000.000,
53,6,,1,2,2,76,113,1 a 8 años,1,$ 611.774 COP,"$ 9.605.263,16",$730.000.000,
54,5,,4,3,1,95,95,más de 30 años,7,$ 370.000 COP,"$ 5.157.894,74",$490.000.000,
55,6,,2,3,2,159,159,1 a 8 años,,$ 940.100 COP,"$ 7.169.811,32",$1.140.000.000,
56,3,,3,2,1,79,79,1 a 8 años,,$ 220.000 COP,"$ 3.797.468,35",$300.000.000,
57,4,En construcción,,,,,,,,,,,
58,1,,3,1,,46,46,1 a 8 años,3,$ 150.000 COP,"$ 2.717.391,3",$125.000.000,
59,6,,2,3,1,97,97,1 a 8 años,3,$ 1.000.000 COP,"$ 8.865.979,38",$860.000.000,
60,5,,3,4,2,166,166,más de 30 años,8,$ 872.000 COP,"$ 5.993.975,9",$995.000.000,
61,3,,3,2,,83,0,,2,No definida,"$ 3.253.012,05",$270.000.000,
62,6,,4,5,4,413,0,,,$ 1.920.000 COP,"$ 6.416.464,89",$2.650.000.000,
63,3,,2,1,,35,0,1 a 8 años,,$ 95.010 COP,"$ 4.714.285,71",$165.000.000,
64,6,Excelente,3,5,2,311,311,9 a 15 años,6,No definida,"$ 7.620.578,78",$2.370.000.000,
65,4,,3,2,1,68,68,1 a 8 años,4,$ 226.771 COP,"$ 5.955.882,35",$405.000.000,
66,5,Para entrega inmediata,,,,,,,,,,,
67,5,,4,3,1,"79,65","79,65",9 a 15 años,2,$ 340.000 COP,"$ 6.905.210,3",$550.000.000,
68,3,,2,1,,37,0,1 a 8 años,,$ 100.000 COP,"$ 4.864.864,86",$180.000.000,
69,5,Sobre planos,,,,,,,,,,,
70,6,,4,5,4,490,490,1 a 8 años,,$ 2.135.000 COP,$ 11.000.000,$5.390.000.000,
71,5,,3,2,1,163,0,,5,$ 550.000 COP,"$ 3.619.631,9",$590.000.000,
72,3,,6,2,,176,176,16 a 30 años,1,No definida,"$ 2.045.454,55",$360.000.000,
73,4,En construcción,,,,,,,,,,,
74,5,,3,2,1,67,67,9 a 15 años,4,$ 250.000 COP,"$ 6.776.119,4",$454.000.000,
75,2,,2,1,1,42,42,1 a 8 años,3,$ 155.671 COP,"$ 3.904.761,9",$164.000.000,
76,6,Bueno,4,5,2,185,185,16 a 30 años,1,$ 950.000 COP,"$ 6.108.108,11",$1.130.000.000,
77,5,,5,5,4,278,278,más de 30 años,6,$ 1.229.000 COP,"$ 3.417.266,19",$950.000.000,
78,5,En construcción,,,,,,,,,,,
79,5,,3,3,2,150,150,16 a 30 años,,$ 616.000 COP,$ 4.800.000,$720.000.000,
80,4,,2,2,1,50,50,,3,$ 164.000 COP,$ 7.000.000,$350.000.000,
81,6,,3,3,2,110,110,más de 30 años,,$ 691.700 COP,"$ 6.636.363,64",$730.000.000,
82,6,,3,4,2,187,187,16 a 30 años,,$ 792.000 COP,"$ 3.850.267,38",$720.000.000,
83,5,,3,3,1,110,110,más de 30 años,2,$ 550.000 COP,"$ 6.545.454,55",$720.000.000,
84,3,En construcción,,,,,,,,,,,
85,6,,3,3,2,230,230,16 a 30 años,,$ 1.654.949 COP,"$ 4.782.608,7",$1.100.000.000,
86,3,,1,1,,35,35,9 a 15 años,13,$ 149.000 COP,$ 6.000.000,$210.000.000,
87,5,,2,2,1,65,65,1 a 8 años,15,$ 281.090 COP,"$ 7.615.384,62",$495.000.000,
88,5,Sobre planos,,,,,,,,,,,
89,6,,2,3,2,108,109,1 a 8 años,,No definida,$ 10.000.000,$1.080.000.000,
90,5,Sobre planos,,,,,,,,,,,
91,5,,4,2,1,120,120,,5,No definida,$ 3.250.000,$390.000.000,
92,6,,3,4,2,129,129,1 a 8 años,,$ 790.000 COP,"$ 7.170.542,64",$925.000.000,
93,6,Excelente,3,2,2,94,94,menor a 1 año,,$ 405.000 COP,"$ 8.776.595,74",$825.000.000,
94,6,Excelente,2,2,2,94,0,,6,No definida,"$ 7.446.808,51",$700.000.000,
95,4,,3,2,1,100,100,1 a 8 años,5,$ 333.000 COP,$ 6.200.000,$620.000.000,
96,5,,3,2,1,82,82,,Otro,$ 260.000 COP,"$ 6.707.317,07",$550.000.000,
97,5,,2,2,1,65,65,9 a 15 años,Otro,No definida,"$ 6.076.923,08",$395.000.000,Duplex
98,6,,4,4,2,242,242,16 a 30 años,3,$ 1.200.000 COP,"$ 4.090.909,09",$990.000.000,
99,4,En construcción,,,,,,,,,,,
100,5,,4,3,1,140,140,9 a 15 años,1,$ 62.000 COP,$ 4.000.000,$560.000.000,
101,6,,4,4,2,305,0,más de 30 años,1,No definida,"$ 5.081.967,21",$1.550.000.000,
102,5,En construcción,,,,,,,,,,,
103,5,,4,5,2,243,243,menor a 1 año,15,$ 600.000 COP,"$ 7.818.930,04",$1.900.000.000,
104,4,,1,1,,41,41,1 a 8 años,16,$ 220.000 COP,"$ 5.121.951,22",$210.000.000,Loft
105,5,,3,2,1,80,80,16 a 30 años,7,$ 220.000 COP,$ 4.875.000,$390.000.000,
106,3,En construcción,,,,,,,,,,,
107,3,,3,2,,55,55,1 a 8 años,16,$ 170.000 COP,"$ 4.163.636,36",$229.000.000,
108,4,,3,2,1,83,83,1 a 8 años,Otro,$ 350.000 COP,"$ 5.421.686,75",$450.000.000,
109,3,,3,1,1,"55,8","55,8",9 a 15 años,9,$ 256.000 COP,"$ 5.555.555,56",$310.000.000,
110,6,,1,2,1,83,0,9 a 15 años,9,$ 597.000 COP,"$ 9.036.144,58",$750.000.000,
111,5,Sobre planos,,,,,,,,,,,
112,6,Excelente,4,4,2,387,387,9 a 15 años,2,$ 800.000 COP,"$ 2.713.178,29",$1.050.000.000,
113,5,,3,2,1,"74,7","74,7",16 a 30 años,4,$ 445.000 COP,"$ 5.488.621,15",$410.000.000,
114,5,,3,2,1,75,75,16 a 30 años,7,$ 290.000 COP,"$ 6.133.333,33",$460.000.000,
115,6,,3,4,3,171,171,1 a 8 años,,$ 650.000 COP,"$ 9.356.725,15",$1.600.000.000,
116,3,,2,2,1,52,52,,10,No definida,"$ 5.192.307,69",$270.000.000,
117,4,En construcción,,,,,,,,,,,
118,6,,3,2,2,"86,8","86,8",16 a 30 años,5,$ 428.000 COP,"$ 5.529.953,92",$480.000.000,
119,4,,3,2,1,82,82,menor a 1 año,,$ 315.000 COP,"$ 7.804.878,05",$640.000.000,
120,4,,3,2,1,94,94,16 a 30 años,3,$ 180.000 COP,"$ 4.202.127,66",$395.000.000,
121,6,Excelente,3,3,2,167,157,16 a 30 años,4,$ 720.000 COP,"$ 3.892.215,57",$650.000.000,
122,4,,3,2,1,59,59,9 a 15 años,Otro,$ 229.000 COP,"$ 5.254.237,29",$310.000.000,
123,5,Sobre planos,,,,,,,,,,,
124,5,,2,2,1,80,80,9 a 15 años,10,$ 428.000 COP,$ 7.000.000,$560.000.000,
125,3,,3,2,1,51,51,9 a 15 años,,$ 191.000 COP,"$ 4.901.960,78",$250.000.000,
126,5,,3,2,1,84,84,1 a 8 años,6,$ 544.000 COP,"$ 6.369.047,62",$535.000.000,
127,5,,2,2,1,52,52,16 a 30 años,4,$ 225.000 COP,"$ 6.538.461,54",$340.000.000,
128,4,,3,2,1,70,70,1 a 8 años,4,No definida,$ 6.000.000,$420.000.000,
129,5,,3,2,1,82,82,16 a 30 años,3,No definida,"$ 5.121.951,22",$420.000.000,
130,5,,3,3,1,106,106,1 a 8 años,6,$ 350.000 COP,"$ 7.188.679,25",$762.000.000,
131,5,Excelente,4,4,2,183,183,16 a 30 años,6,$ 546.000 COP,"$ 3.934.426,23",$720.000.000,
132,4,En construcción,,,,,,,,,,,
133,6,,2,3,2,108,108,1 a 8 años,,$ 1 COP,"$ 8.703.703,7",$940.000.000,
134,4,,3,2,1,99,0,9 a 15 años,10,$ 380.000 COP,"$ 5.555.555,56",$550.000.000,
135,5,Sobre planos,,,,,,,,,,,
136,3,,3,1,,"52,8",53,9 a 15 años,,$ 170.000 COP,"$ 4.507.575,76",$238.000.000,
137,4,Excelente,3,3,1,160,220,1 a 8 años,7,$ 200.000 COP,$ 5.312.500,$850.000.000,Duplex
138,5,,3,2,1,75,0,,,$ 361.000 COP,"$ 5.933.333,33",$445.000.000,
139,3,En construcción,,,,,,,,,,,
140,6,,3,3,2,133,101,menor a 1 año,Otro,$ 400.000 COP,"$ 8.947.368,42",$1.190.000.000,Loft
141,5,,3,2,1,92,92,16 a 30 años,9,$ 364.000 COP,"$ 5.108.695,65",$470.000.000,
142,4,,3,2,1,93,93,,Otro,No definida,"$ 6.774.193,55",$630.000.000,
143,4,,3,2,1,53,53,1 a 8 años,5,$ 150.000 COP,"$ 4.716.981,13",$250.000.000,
144,4,Sobre planos,,,,,,,,,,,
145,5,,2,2,1,52,52,16 a 30 años,4,$ 225.000 COP,"$ 6.538.461,54",$340.000.000,
146,6,,2,3,1,"181,66",0,más de 30 años,,$ 850.000 COP,"$ 4.679.070,79",$850.000.000,Loft
147,3,,3,2,,48,48,16 a 30 años,1,$ 165.000 COP,$ 4.062.500,$195.000.000,
148,4,,3,2,1,68,68,1 a 8 años,,$ 230.000 COP,"$ 5.808.823,53",$395.000.000,
149,6,,3,3,1,175,0,más de 30 años,,$ 766.000 COP,"$ 5.028.571,43",$880.000.000,
150,5,Sobre planos,,,,,,,,,,,
151,5,Bueno,3,3,2,"110,3",103,1 a 8 años,,$ 535.000 COP,"$ 6.300.997,28",$695.000.000,
152,3,Excelente,3,2,1,74,74,menor a 1 año,7,No definida,"$ 5.405.405,41",$400.000.000,
153,6,,4,5,3,210,210,9 a 15 años,5,$ 664.000 COP,"$ 8.333.333,33",$1.750.000.000,
154,5,,3,6,3,590,590,,,No definida,"$ 5.932.203,39",$3.500.000.000,
155,5,,4,3,2,195,195,9 a 15 años,1,$ 977.000 COP,"$ 4.358.974,36",$850.000.000,
156,5,Sobre planos,,,,,,,,,,,
157,5,,3,2,1,115,115,más de 30 años,2,$ 255.000 COP,"$ 5.304.347,83",$610.000.000,
158,5,,3,4,1,120,120,menor a 1 año,6,$ 200.000 COP,"$ 5.416.666,67",$650.000.000,
159,4,,3,2,1,60,60,9 a 15 años,Otro,$ 200.000 COP,$ 5.050.000,$303.000.000,
160,4,,1,1,,36,36,9 a 15 años,2,$ 100.000 COP,"$ 4.861.111,11",$175.000.000,Loft
161,5,,3,3,1,116,108,menor a 1 año,,No definida,"$ 6.767.241,38",$785.000.000,
162,5,,3,2,1,96,96,16 a 30 años,3,$ 205.000 COP,"$ 4.791.666,67",$460.000.000,
163,3,,3,2,,50,50,9 a 15 años,1,$ 153.000 COP,$ 3.940.000,$197.000.000,
164,6,,3,4,3,264,264,9 a 15 años,,$ 1.400.000 COP,"$ 7.386.363,64",$1.950.000.000,
165,5,Sobre planos,,,,,,,,,,,
166,4,,3,4,2,115,115,1 a 8 años,,$ 310.000 COP,"$ 6.521.739,13",$750.000.000,
167,3,,2,2,,65,0,16 a 30 años,2,No definida,"$ 3.846.153,85",$250.000.000,
168,5,Sobre planos,,,,,,,,,,,
169,5,,3,4,2,180,180,16 a 30 años,9,$ 780.000 COP,"$ 4.722.222,22",$850.000.000,
170,6,,3,3,2,154,154,1 a 8 años,,$ 850.000 COP,"$ 8.311.688,31",$1.280.000.000,
171,6,,2,3,2,217,217,9 a 15 años,,$ 1.150.000 COP,"$ 6.682.027,65",$1.450.000.000,
172,5,Sobre planos,,,,,,,,,,,
173,6,,3,3,2,150,150,,15,No definida,"$ 6.333.333,33",$950.000.000,
174,4,En construcción,,,,,,,,,,,
175,6,,3,2,2,83,83,9 a 15 años,6,$ 410.600 COP,"$ 7.771.084,34",$645.000.000,
176,5,,3,2,1,"84,7",0,,3,$ 280.000 COP,"$ 4.663.518,3",$395.000.000,
177,4,En construcción,,,,,,,,,,,
178,3,,2,1,,38,38,1 a 8 años,6,No definida,"$ 4.473.684,21",$170.000.000,
179,5,,3,2,2,121,121,1 a 8 años,,$ 464.000 COP,"$ 5.438.016,53",$658.000.000,
180,6,,2,2,1,65,65,16 a 30 años,5,$ 383.625 COP,"$ 8.153.846.153,85",$530.000.000.000,
181,6,,3,4,2,185,185,1 a 8 años,6,$ 650.000 COP,"$ 5.945.945,95",$1.100.000.000,
182,5,,3,2,1,61,61,1 a 8 años,,$ 260.000 COP,"$ 5.901.639,34",$360.000.000,
183,5,Sobre planos,,,,,,,,,,,
184,5,,5,5,1,230,0,,13,$ 1.120.000 COP,"$ 4.304.347,83",$990.000.000,Duplex
185,5,,3,4,1,124,124,1 a 8 años,4,$ 428.000 COP,"$ 7.556.451,61",$937.000.000,
186,5,,3,2,1,84,84,9 a 15 años,,$ 350.000 COP,"$ 5.059.523,81",$425.000.000,
187,6,,3,4,4,371,371,1 a 8 años,,No definida,"$ 8.625.336,93",$3.200.000.000,
188,3,,4,2,1,84,84,16 a 30 años,,$ 195.000 COP,"$ 4.404.761,9",$370.000.000,
189,4,Sobre planos,,,,,,,,,,,
190,5,,2,2,1,67,0,,4,$ 411.000 COP,"$ 6.268.656,72",$420.000.000,
191,6,,3,3,2,173,173,1 a 8 años,,$ 920.000 COP,"$ 8.092.485,55",$1.400.000.000,
192,5,En construcción,,,,,,,,,,,
193,6,,2,2,2,92,92,1 a 8 años,Otro,$ 535.200 COP,"$ 10.326.086,96",$950.000.000,
194,6,,3,3,2,167,167,más de 30 años,,$ 368.500 COP,"$ 4.011.976,05",$670.000.000,
195,5,,3,2,2,131,131,más de 30 años,,$ 881.000 COP,"$ 4.770.992,37",$625.000.000,
196,5,,4,2,1,76,0,,4,$ 243.000 COP,"$ 4.342.105,26",$330.000.000,
197,3,,3,2,1,113,113,más de 30 años,3,No definida,"$ 3.628.318,58",$410.000.000,
198,4,En construcción,,,,,,,,,,,
199,5,,3,2,1,84,84,9 a 15 años,,$ 350.000 COP,"$ 5.059.523,81",$425.000.000,
200,2,,2,1,,54,0,1 a 8 años,3,$ 10.000 COP,"$ 2.222.222,22",$120.000.000,
201,5,En construcción,,,,,,,,,,,
202,3,Bueno,3,2,1,58,58,9 a 15 años,11,$ 180.000 COP,"$ 3.965.517,24",$230.000.000,
203,3,,2,2,1,52,52,16 a 30 años,9,$ 177.000 COP,"$ 5.288.461,54",$275.000.000,
204,6,,2,2,1,80,80,16 a 30 años,,$ 401.000 COP,$ 6.250.000,$500.000.000,
205,4,Sobre planos,,,,,,,,,,,
206,6,,3,5,2,216,216,9 a 15 años,Otro,$ 934.000 COP,"$ 7.175.925,93",$1.550.000.000,Duplex
207,4,,2,2,,57,57,1 a 8 años,,$ 220.000 COP,"$ 4.298.245,61",$245.000.000,
208,2,,2,1,,54,0,1 a 8 años,3,$ 10.000 COP,"$ 2.222.222,22",$120.000.000,
209,5,,3,3,2,116,0,9 a 15 años,10,$ 450.000 COP,"$ 6.293.103,45",$730.000.000,
210,5,Sobre planos,,,,,,,,,,,
211,2,,1,1,,33,0,1 a 8 años,1,No definida,"$ 1.666.666,67",$55.000.000,
212,5,,3,3,1,114,114,,2,$ 150.000 COP,"$ 3.947.368,42",$450.000.000,
213,6,,2,2,1,87,87,,,No definida,"$ 12.149.425,29",$1.057.000.000,
214,4,,3,2,1,55,55,9 a 15 años,14,$ 194.500 COP,"$ 5.454.545,45",$300.000.000,
215,5,,1,1,,34,34,menor a 1 año,,No definida,"$ 8.529.411,76",$290.000.000,Loft
216,4,En construcción,,,,,,,,,,,
217,5,,3,3,2,120,120,,,$ 500.000 COP,"$ 6.541.666,67",$785.000.000,
218,4,,3,2,1,72,72,,4,$ 272.000 COP,"$ 4.861.111,11",$350.000.000,
219,5,,1,1,,40,40,menor a 1 año,,No definida,$ 8.000.000,$320.000.000,Loft
220,5,,3,3,1,126,126,16 a 30 años,2,$ 320.000 COP,"$ 5.158.730,16",$650.000.000,
221,5,,2,2,1,82,82,1 a 8 años,11,$ 330.000 COP,"$ 7.439.024,39",$610.000.000,
222,3,En construcción,,,,,,,,,,,
223,5,,3,2,1,89,89,más de 30 años,5,$ 300.000 COP,"$ 4.943.820,22",$440.000.000,
224,5,,1,1,,30,30,menor a 1 año,,No definida,$ 8.000.000,$240.000.000,Loft
225,4,,3,2,1,72,72,1 a 8 años,,No definida,"$ 5.208.333,33",$375.000.000,
226,5,,3,2,1,67,0,,4,$ 250.000 COP,"$ 6.776.119,4",$454.000.000,
227,5,,4,3,1,140,140,más de 30 años,1,$ 329.000 COP,"$ 4.142.857,14",$580.000.000,
228,6,,4,5,,134,134,,,No definida,"$ 7.164.179,1",$960.000.000,
229,6,,3,4,3,138,138,1 a 8 años,3,$ 1.080.000 COP,"$ 7.173.913,04",$990.000.000,
230,5,,2,2,1,70,70,1 a 8 años,,$ 280.000 COP,"$ 5.928.571,43",$415.000.000,
231,5,Sobre planos,,,,,,,,,,,
232,5,,2,1,1,75,75,más de 30 años,,$ 270.000 COP,$ 4.800.000,$360.000.000,
233,3,,2,1,,44,44,menor a 1 año,16,$ 230.000 COP,"$ 4.659.090,91",$205.000.000,
234,5,Sobre planos,,,,,,,,,,,
235,6,,4,5,2,205,0,9 a 15 años,,$ 1.300.000 COP,"$ 5.853.658,54",$1.200.000.000,
236,6,,3,4,2,128,1,1 a 8 años,Otro,$ 494.000 COP,$ 7.500.000,$960.000.000,
237,5,,3,2,1,62,0,1 a 8 años,12,No definida,"$ 8.064.516,13",$500.000.000,
238,3,En construcción,,,,,,,,,,,
239,4,,4,4,2,158,158,16 a 30 años,,No definida,"$ 6.012.658,23",$950.000.000,
240,3,,3,1,,70,0,,4,No definida,"$ 3.571.428,57",$250.000.000,
241,6,,3,4,2,150,0,9 a 15 años,,$ 616.000 COP,"$ 4.866.666,67",$730.000.000,Loft
242,5,,2,2,1,66,66,,13,$ 296.000 COP,"$ 5.303.030,3",$350.000.000,
243,4,En construcción,,,,,,,,,,,
244,5,,4,3,1,96,96,,3,No definida,"$ 4.270.833,33",$410.000.000,
245,5,,2,2,1,60,60,16 a 30 años,12,$ 287.000 COP,$ 7.500.000,$450.000.000,
246,4,,3,2,1,55,55,1 a 8 años,15,$ 150.000 COP,"$ 5.090.909,09",$280.000.000,
247,4,,2,2,1,50,50,1 a 8 años,Otro,$ 170.000 COP,$ 6.800.000,$340.000.000,
248,6,,3,3,2,159,0,16 a 30 años,2,$ 388.000 COP,"$ 3.962.264,15",$630.000.000,
249,5,Sobre planos,,,,,,,,,,,
250,4,Excelente,3,3,1,95,0,16 a 30 años,,$ 358.000 COP,"$ 4.684.210,53",$445.000.000,
251,3,,1,1,,30,28,9 a 15 años,16,$ 120.000 COP,"$ 4.666.666,67",$140.000.000,Loft
252,4,,3,2,1,92,92,16 a 30 años,,$ 225.000 COP,"$ 4.728.260,87",$435.000.000,
253,5,,3,2,1,91,91,más de 30 años,4,$ 291.800 COP,"$ 5.439.560,44",$495.000.000,
254,4,,3,2,1,86,86,1 a 8 años,12,$ 347.000 COP,"$ 6.046.511,63",$520.000.000,
255,5,En construcción,,,,,,,,,,,
256,6,Excelente,3,4,3,135,135,,,No definida,"$ 7.037.037,04",$950.000.000,
257,4,,2,2,,64,64,1 a 8 años,3,$ 69.000 COP,$ 5.625.000,$360.000.000,
258,4,,3,2,,57,57,9 a 15 años,2,$ 198.000 COP,"$ 4.824.561,4",$275.000.000,
259,4,,1,2,,50,49,menor a 1 año,8,No definida,$ 5.200.000,$260.000.000,Duplex
260,6,,5,6,2,205,205,16 a 30 años,1,$ 380.000 COP,"$ 4.731.707,32",$970.000.000,
261,5,,2,2,1,75,75,,2,$ 330.000 COP,"$ 5.333.333,33",$400.000.000,
262,5,,3,3,1,87,87,1 a 8 años,4,$ 450.000 COP,"$ 7.126.436,78",$620.000.000,
263,6,,2,3,2,165,165,1 a 8 años,1,$ 800.000 COP,"$ 9.212.121,21",$1.520.000.000,
264,4,En construcción,,,,,,,,,,,
265,5,,3,2,1,84,84,1 a 8 años,6,$ 544.000 COP,"$ 6.369.047,62",$535.000.000,
266,4,,3,2,1,65,65,9 a 15 años,1,$ 250.000 COP,"$ 5.692.307,69",$370.000.000,
267,5,Sobre planos,,,,,,,,,,,
268,5,,3,2,,100,100,,4,$ 275.500 COP,$ 3.100.000,$310.000.000,
269,5,,4,3,1,129,129,1 a 8 años,2,$ 391.000 COP,"$ 5.232.558,14",$675.000.000,
270,5,,3,3,1,101,101,más de 30 años,3,$ 273.200 COP,"$ 4.752.475,25",$480.000.000,
271,4,Sobre planos,,,,,,,,,,,
272,5,,3,4,1,116,116,16 a 30 años,Otro,$ 470.000 COP,"$ 5.603.448,28",$650.000.000,
273,5,Excelente,1,2,2,"50,85",51,menor a 1 año,8,No definida,"$ 8.849.557,52",$450.000.000,
274,5,,3,2,1,68,0,9 a 15 años,5,$ 388.000 COP,"$ 6.176.470,59",$420.000.000,
275,4,,4,2,,100,100,16 a 30 años,3,No definida,$ 4.500.000,$450.000.000,
276,3,En construcción,,,,,,,,,,,
277,4,,1,1,,31,31,,4,$ 120.000 COP,"$ 4.870.967,74",$151.000.000,
278,5,,2,2,1,111,111,16 a 30 años,2,$ 315.605 COP,"$ 5.585.585,59",$620.000.000,
279,5,,3,4,2,196,196,1 a 8 años,7,$ 571.000 COP,"$ 7.316.326,53",$1.434.000.000,
280,5,,4,3,1,95,95,16 a 30 años,7,$ 357.000 COP,"$ 4.684.210,53",$445.000.000,
281,5,,3,2,1,70,70,1 a 8 años,,$ 280.000 COP,"$ 6.785.714,29",$475.000.000,
282,4,En construcción,,,,,,,,,,,
283,5,,3,3,1,101,101,1 a 8 años,4,$ 350.000 COP,"$ 6.930.693,07",$700.000.000,
284,4,,3,3,2,101,92,1 a 8 años,15,$ 357.000 COP,"$ 7.277.227,72",$735.000.000,
285,5,Excelente,3,3,2,120,120,16 a 30 años,3,$ 531.000 COP,$ 5.500.000,$660.000.000,
286,5,,3,3,2,155,155,16 a 30 años,2,$ 790.392 COP,"$ 6.129.032,26",$950.000.000,
287,4,,3,2,1,64,64,1 a 8 años,8,$ 215.600 COP,$ 5.234.375,$335.000.000,
288,5,Sobre planos,,,,,,,,,,,
289,5,,3,4,2,156,156,16 a 30 años,2,$ 889.000 COP,"$ 5.512.820,51",$860.000.000,
290,3,,2,1,,37,0,1 a 8 años,,$ 100.000 COP,"$ 4.864.864,86",$180.000.000,
291,3,,2,1,,56,0,1 a 8 años,1,$ 70.000 COP,"$ 2.321.428,57",$130.000.000,
292,6,,3,4,2,188,188,9 a 15 años,,No definida,"$ 5.851.063,83",$1.100.000.000,
293,5,,2,4,2,150,150,9 a 15 años,8,$ 597.000 COP,"$ 5.466.666,67",$820.000.000,
294,4,,3,2,1,95,95,1 a 8 años,Otro,$ 280.000 COP,"$ 7.263.157,89",$690.000.000,
295,4,,3,2,,67,67,16 a 30 años,,No definida,"$ 4.626.865,67",$310.000.000,
296,5,,3,2,2,162,162,más de 30 años,4,No definida,"$ 3.395.061,73",$550.000.000,
297,4,En construcción,,,,,,,,,,,
298,6,,1,1,,44,44,menor a 1 año,12,$ 250.000 COP,$ 10.000.000,$440.000.000,Loft
299,4,,3,2,1,99,0,9 a 15 años,10,$ 380.000 COP,"$ 5.555.555,56",$550.000.000,
300,5,Sobre planos,,,,,,,,,,,
301,5,,3,2,1,77,77,16 a 30 años,3,$ 70.000 COP,"$ 5.324.675,32",$410.000.000,
302,5,,4,3,2,286,286,,4,$ 870.000 COP,"$ 4.195.804,2",$1.200.000.000,
303,4,,3,2,1,75,0,,13,$ 330.000 COP,$ 5.600.000,$420.000.000,
304,5,Sobre planos,,,,,,,,,,,
305,4,,2,2,1,64,64,,4,$ 280.000 COP,$ 5.343.750,$342.000.000,
306,5,,3,2,1,63,63,1 a 8 años,,$ 250.000 COP,"$ 6.349.206,35",$400.000.000,
307,6,,5,5,3,265,515,16 a 30 años,1,$ 995.000 COP,"$ 5.622.641,51",$1.490.000.000,
308,4,Remodelado,3,2,,108,108,16 a 30 años,3,No definida,"$ 2.962.962,96",$320.000.000,
309,4,En construcción,,,,,,,,,,,
310,4,,3,2,1,73,73,1 a 8 años,7,$ 260.000 COP,"$ 6.438.356,16",$470.000.000,
311,4,,3,2,1,70,70,,Otro,$ 250.000 COP,"$ 7.571.428,57",$530.000.000,
312,6,,3,2,1,107,0,,,No definida,"$ 6.728.971,96",$720.000.000,
313,6,,2,3,2,135,135,1 a 8 años,,No definida,"$ 9.259.259,26",$1.250.000.000,
314,4,,4,2,,140,140,1 a 8 años,2,No definida,$ 4.000.000,$560.000.000,
315,3,En construcción,,,,,,,,,,,
316,4,,4,3,2,150,150,,4,$ 3.800.000 COP,"$ 4.466.666,67",$670.000.000,
317,4,,4,3,1,105,105,1 a 8 años,,$ 150.000 COP,"$ 4.095.238,1",$430.000.000,
318,3,,2,2,3,70,70,9 a 15 años,1,No definida,"$ 2.785.714,29",$195.000.000,
319,3,,3,2,2,110,0,,8,$ 330.000 COP,"$ 6.318.181,82",$695.000.000,
320,6,Excelente,3,4,3,311,311,16 a 30 años,3,No definida,"$ 5.144.694,53",$1.600.000.000,
321,5,En construcción,,,,,,,,,,,
322,4,,2,2,1,64,64,16 a 30 años,,$ 265.000 COP,$ 6.250.000,$400.000.000,
323,5,,3,2,2,103,103,9 a 15 años,,$ 614.000 COP,"$ 7.572.815,53",$780.000.000,
324,5,,3,2,1,78,0,,5,$ 341.382 COP,"$ 6.282.051,28",$490.000.000,
325,6,,4,3,2,116,0,16 a 30 años,,$ 570.000 COP,"$ 7.025.862,07",$815.000.000,
326,5,,2,2,1,60,60,,11,$ 287.000 COP,$ 7.500.000,$450.000.000,
327,3,,2,1,,48,0,,1,No definida,$ 3.750.000,$180.000.000,
328,5,,3,2,1,89,0,1 a 8 años,,$ 310.000.000 COP,"$ 6.011.235,96",$535.000.000,
329,5,Excelente,4,5,2,"184,9",0,9 a 15 años,13,No definida,"$ 6.489.994,59",$1.200.000.000,
330,5,Sobre planos,,,,,,,,,,,
331,4,,3,2,1,75,75,1 a 8 años,,$ 270.000 COP,$ 5.800.000,$435.000.000,
332,4,,3,2,2,54,54,menor a 1 año,11,$ 250.000 COP,"$ 7.037.037,04",$380.000.000,
333,5,Sobre planos,,,,,,,,,,,
334,4,,3,2,,65,65,16 a 30 años,,$ 185.000 COP,"$ 4.692.307,69",$305.000.000,
335,4,,3,2,2,84,84,9 a 15 años,,$ 260.000 COP,"$ 5.714.285,71",$480.000.000,
336,5,,3,2,1,89,89,1 a 8 años,,$ 320.000 COP,"$ 6.292.134,83",$560.000.000,
337,5,Sobre planos,,,,,,,,,,,
338,4,,2,2,,53,53,1 a 8 años,,$ 157.000 COP,"$ 5.471.698,11",$290.000.000,
339,3,,3,2,,80,83,más de 30 años,,No definida,$ 3.737.500,$299.000.000,
340,3,,2,2,1,53,53,1 a 8 años,,$ 180.000 COP,"$ 6.037.735,85",$320.000.000,
341,5,,3,2,1,67,67,9 a 15 años,,$ 250.000 COP,"$ 6.776.119,4",$454.000.000,
342,4,Sobre planos,,,,,,,,,,,
343,5,,3,2,1,99,99,1 a 8 años,,$ 380.000 COP,"$ 5.555.555,56",$550.000.000,
344,5,,3,3,1,102,102,9 a 15 años,,$ 720.000 COP,"$ 4.509.803,92",$460.000.000,
345,3,,3,2,,54,54,16 a 30 años,,$ 200.000 COP,"$ 4.259.259,26",$230.000.000,
346,4,,3,2,1,60,60,9 a 15 años,,$ 200.000 COP,$ 5.050.000,$303.000.000,
347,3,,3,2,,60,60,9 a 15 años,,$ 150.000 COP,"$ 4.333.333,33",$260.000.000,
348,5,Sobre planos,,,,,,,,,,,
349,4,,3,2,1,53,53,1 a 8 años,,$ 150.000 COP,"$ 4.716.981,13",$250.000.000,
350,6,,3,4,2,225,225,16 a 30 años,4,$ 1.180.300 COP,"$ 6.888.888,89",$1.550.000.000,
351,4,,3,2,1,74,74,9 a 15 años,,$ 330.000 COP,"$ 5.810.810,81",$430.000.000,
352,6,,5,5,3,265,515,más de 30 años,,$ 995.000 COP,"$ 5.622.641,51",$1.490.000.000,
353,5,,4,3,1,126,126,más de 30 años,,$ 150.000 COP,"$ 3.888.888,89",$490.000.000,
354,5,En construcción,,,,,,,,,,,
355,4,,3,3,1,105,105,16 a 30 años,,$ 170.000 COP,"$ 4.095.238,1",$430.000.000,
356,5,,3,4,1,195,0,más de 30 años,,$ 330.000 COP,"$ 3.846.153,85",$750.000.000,
357,4,,3,2,,70,70,16 a 30 años,,$ 280.000 COP,"$ 5.857.142,86",$410.000.000,
358,2,,3,2,,74,74,9 a 15 años,,$ 194.000 COP,"$ 3.513.513,51",$260.000.000,
359,5,,3,2,1,100,100,1 a 8 años,,$ 231.000 COP,$ 5.200.000,$520.000.000,
360,4,,3,2,1,72,72,más de 30 años,4,$ 279.300 COP,"$ 5.208.333,33",$375.000.000,
361,5,,3,2,1,89,89,16 a 30 años,,$ 320.000 COP,"$ 3.539.325,84",$315.000.000,
362,4,,3,2,,58,58,16 a 30 años,,$ 210.000 COP,"$ 4.310.344,83",$250.000.000,
363,5,En construcción,,,,,,,,,,,
364,5,,4,3,1,140,140,9 a 15 años,1,$ 62.000 COP,$ 4.000.000,$560.000.000,
365,3,,2,2,,65,0,16 a 30 años,2,No definida,"$ 3.846.153,85",$250.000.000,
366,5,Sobre planos,,,,,,,,,,,
367,6,,3,4,3,320,0,16 a 30 años,13,$ 1.800.000 COP,$ 5.993.750,$1.918.000.000,
368,5,,3,2,1,115,115,,7,$ 432.966 COP,"$ 4.663.478,26",$536.300.000,
369,4,,3,2,1,70,70,1 a 8 años,Otro,$ 250.000 COP,"$ 6.142.857,14",$430.000.000,
370,4,En construcción,,,,,,,,,,,
371,4,,3,2,,53,53,9 a 15 años,,$ 174.000 COP,"$ 4.905.660,38",$260.000.000,
372,5,,4,3,1,112,112,16 a 30 años,5,$ 450.000 COP,"$ 3.482.142,86",$390.000.000,
373,3,,3,2,1,58,58,,1,$ 143.100 COP,"$ 3.465.517,24",$201.000.000,
374,5,,3,3,1,140,140,más de 30 años,1,$ 250.000 COP,"$ 4.142.857,14",$580.000.000,
375,5,Sobre planos,,,,,,,,,,,
376,3,,2,1,,37,37,9 a 15 años,,$ 104.000 COP,"$ 4.472.972,97",$165.500.000,
377,5,,4,3,2,222,222,más de 30 años,6,$ 881.000 COP,"$ 3.828.828,83",$850.000.000,
378,5,,3,2,1,84,84,1 a 8 años,,$ 300.000 COP,"$ 6.904.761,9",$580.000.000,
379,5,,3,2,1,93,93,más de 30 años,,$ 270.000 COP,"$ 6.666.666,67",$620.000.000,
380,4,,3,3,1,105,105,16 a 30 años,,$ 170.000 COP,"$ 4.095.238,1",$430.000.000,
381,5,En construcción,,,,,,,,,,,
382,4,,3,2,1,55,55,1 a 8 años,15,$ 240.000 COP,"$ 5.181.818,18",$285.000.000,
383,3,,3,2,1,71,71,,Otro,$ 208.939 COP,"$ 3.612.676,06",$256.500.000,
384,3,,3,1,1,75,75,9 a 15 años,7,No definida,"$ 4.933.333,33",$370.000.000,
385,4,,3,2,1,87,87,16 a 30 años,1,No definida,"$ 4.022.988,51",$350.000.000,
386,5,,3,2,1,100,100,1 a 8 años,,$ 231.000 COP,$ 5.200.000,$520.000.000,
387,4,Sobre planos,,,,,,,,,,,
388,5,,3,2,1,99,99,1 a 8 años,,$ 380.000 COP,"$ 5.555.555,56",$550.000.000,
389,5,,3,2,1,67,67,1 a 8 años,,$ 300.000 COP,"$ 5.149.253,73",$345.000.000,
390,4,,3,2,1,55,55,1 a 8 años,1,$ 210.000 COP,"$ 4.727.272,73",$260.000.000,
391,5,,3,3,1,110,110,más de 30 años,1,$ 550.000 COP,"$ 6.545.454,55",$720.000.000,
392,3,,3,2,1,70,70,1 a 8 años,Otro,$ 233.971 COP,"$ 4.857.142,86",$340.000.000,
393,3,,2,2,,60,60,,,$ 183.000 COP,"$ 4.376.666,67",$262.600.000,
394,3,,3,2,,59,59,16 a 30 años,1,$ 140.000 COP,"$ 3.898.305,08",$230.000.000,
395,4,,2,2,1,62,62,más de 30 años,1,$ 250.000 COP,"$ 6.774.193,55",$420.000.000,
396,5,En construcción,,,,,,,,,,,
397,5,,5,5,1,260,260,16 a 30 años,,$ 539.000 COP,"$ 4.730.769,23",$1.230.000.000,
398,6,,3,2,1,124,117,16 a 30 años,2,$ 600.000 COP,"$ 4.395.161,29",$545.000.000,
399,3,En construcción,,,,,,,,,,,
400,4,,3,2,,101,101,,2,No definida,"$ 3.650.495,05",$368.700.000,
401,3,,3,2,1,70,70,1 a 8 años,Otro,$ 233.971 COP,"$ 4.857.142,86",$340.000.000,
402,6,,4,7,3,456,456,16 a 30 años,6,$ 1.900.000 COP,"$ 3.464.912,28",$1.580.000.000,
403,4,Sobre planos,,,,,,,,,,,
404,6,,3,3,2,206,206,más de 30 años,4,$ 1.330.000 COP,"$ 4.126.213,59",$850.000.000,
405,3,,3,1,1,48,48,1 a 8 años,,$ 156.000 COP,"$ 4.166.666,67",$200.000.000,
406,6,,3,2,1,85,85,1 a 8 años,,$ 531.000 COP,$ 8.000.000,$680.000.000,
407,5,,2,2,1,64,64,9 a 15 años,4,$ 280.600 COP,$ 5.343.750,$342.000.000,
408,5,Sobre planos,,,,,,,,,,,
409,4,,3,2,1,90,90,16 a 30 años,3,$ 373.000 COP,"$ 4.333.333,33",$390.000.000,
410,6,,4,4,3,305,305,9 a 15 años,12,$ 1.100.000 COP,"$ 7.049.180,33",$2.150.000.000,
411,3,,3,2,,105,105,16 a 30 años,,No definida,"$ 2.285.714,29",$240.000.000,
412,3,,2,1,,37,37,1 a 8 años,,$ 210.000 COP,"$ 5.945.945,95",$220.000.000,
413,3,,2,2,1,60,0,9 a 15 años,,No definida,$ 5.500.000,$330.000.000,
414,5,Sobre planos,,,,,,,,,,,
415,4,,3,2,1,64,64,9 a 15 años,Otro,$ 229.000 COP,$ 4.375.000,$280.000.000,
416,4,,3,2,1,86,86,1 a 8 años,,$ 348.000 COP,"$ 6.046.511,63",$520.000.000,
417,6,,2,4,3,135,135,1 a 8 años,3,$ 865.000 COP,"$ 7.036.301,48",$949.900.700,
418,4,,3,2,1,78,78,1 a 8 años,,$ 227.000 COP,"$ 5.038.461,54",$393.000.000,
419,6,,3,3,2,167,167,1 a 8 años,11,$ 1.843.000 COP,"$ 9.497.005,99",$1.586.000.000,
420,5,Sobre planos,,,,,,,,,,,
421,4,,2,1,,42,42,9 a 15 años,,$ 97.000 COP,$ 5.000.000,$210.000.000,
422,3,,3,1,,69,69,16 a 30 años,,No definida,"$ 3.681.159,42",$254.000.000,
423,6,,4,3,1,102,0,más de 30 años,7,$ 408.800 COP,"$ 5.784.313,73",$590.000.000,
424,5,,3,3,2,140,140,más de 30 años,1,$ 495.000 COP,"$ 3.428.571,43",$480.000.000,
425,6,,4,5,4,280,0,16 a 30 años,,$ 857.000 COP,$ 4.000.000,$1.120.000.000,
426,4,,3,2,1,119,119,1 a 8 años,,$ 260.000 COP,"$ 5.630.252,1",$670.000.000,
427,5,,3,2,,100,0,,3,$ 190.000.000 COP,$ 5.500.000,$550.000.000,
428,6,Excelente,3,3,3,160,160,1 a 8 años,16,$ 1.078.000 COP,$ 11.250.000,$1.800.000.000,
429,4,En construcción,,,,,,,,,,,
430,4,,3,2,1,55,55,9 a 15 años,14,$ 194.500 COP,"$ 5.454.545,45",$300.000.000,
431,4,,3,2,1,99,0,9 a 15 años,10,$ 380.000 COP,"$ 5.555.555,56",$550.000.000,
432,5,Sobre planos,,,,,,,,,,,
433,5,,3,3,2,185,185,más de 30 años,6,$ 433.000 COP,"$ 4.216.216,22",$780.000.000,
434,4,,3,2,1,85,0,,3,$ 72.000 COP,"$ 4.705.882,35",$400.000.000,
435,6,,4,5,2,270,270,más de 30 años,7,No definida,"$ 8.518.518,52",$2.300.000.000,Duplex
436,5,Sobre planos,,,,,,,,,,,
437,6,,4,4,1,188,188,más de 30 años,8,$ 781.000 COP,"$ 4.680.851,06",$880.000.000,
438,6,,3,4,2,173,173,9 a 15 años,,$ 750.000 COP,"$ 5.433.526,01",$940.000.000,
439,6,,3,4,3,300,300,1 a 8 años,,$ 1.215.000 COP,"$ 9.766.666,67",$2.930.000.000,
440,4,,1,2,,49,49,1 a 8 años,8,$ 150.000 COP,"$ 5.306.122,45",$260.000.000,
441,5,Sobre planos,,,,,,,,,,,
442,5,,3,2,1,138,0,16 a 30 años,6,$ 348.550 COP,"$ 3.913.043,48",$540.000.000,
443,3,,2,1,,38,38,1 a 8 años,8,$ 115.000 COP,"$ 3.578.947,37",$136.000.000,
444,6,,1,2,1,91,0,,14,$ 526.500 COP,"$ 8.736.263,74",$795.000.000,
445,3,,3,3,1,87,0,,4,$ 225.000 COP,"$ 4.252.873,56",$370.000.000,
446,4,,3,2,2,86,0,,7,$ 390.000 COP,"$ 6.151.162,79",$529.000.000,
447,5,En construcción,,,,,,,,,,,
448,3,,3,1,1,78,78,16 a 30 años,3,No definida,"$ 3.205.128,21",$250.000.000,
449,4,,3,2,1,53,54,1 a 8 años,Otro,$ 182.000 COP,"$ 5.660.377,36",$300.000.000,
450,4,,3,1,2,65,0,,1,$ 179.000 COP,"$ 3.538.461,54",$230.000.000,
451,3,,3,2,1,58,58,9 a 15 años,13,$ 240.000 COP,"$ 4.827.586,21",$280.000.000,
452,5,,3,4,2,200,200,más de 30 años,,$ 720.000 COP,$ 4.250.000,$850.000.000,
453,4,Sobre planos,,,,,,,,,,,
454,2,,3,1,,47,47,1 a 8 años,2,$ 18.000 COP,"$ 2.765.957,45",$130.000.000,
455,3,,3,1,,75,75,16 a 30 años,3,No definida,$ 3.400.000,$255.000.000,
456,4,,3,2,1,67,0,,Otro,$ 220.000 COP,"$ 4.746.268,66",$318.000.000,
457,2,,2,1,,42,42,1 a 8 años,1,$ 58.000 COP,"$ 3.809.523,81",$160.000.000,
458,6,,3,4,3,210,210,1 a 8 años,,No definida,"$ 6.904.761,9",$1.450.000.000,
459,5,,4,3,2,106,106,,4,$ 410.000 COP,"$ 5.377.358,49",$570.000.000,
460,5,,2,3,1,91,91,,1,$ 300.000 COP,"$ 6.978.021,98",$635.000.000,
461,5,,2,2,,100,0,,5,$ 190.000 COP,$ 5.800.000,$580.000.000,
462,5,Sobre planos,,,,,,,,,,,
463,6,,3,3,2,244,244,16 a 30 años,,$ 750.000 COP,"$ 4.508.196,72",$1.100.000.000,
464,4,,4,4,1,262,142,1 a 8 años,6,$ 280.000 COP,"$ 4.580.152,67",$1.200.000.000,PentHouse
465,5,Sobre planos,,,,,,,,,,,
466,5,,3,2,1,63,63,16 a 30 años,1,$ 250.000 COP,"$ 6.317.460,32",$398.000.000,
467,5,,5,7,2,285,285,1 a 8 años,8,$ 1.200.000 COP,"$ 5.087.719,3",$1.450.000.000,
468,5,,3,2,1,100,100,1 a 8 años,4,$ 231.000 COP,$ 5.100.000,$510.000.000,
469,5,Sobre planos,,,,,,,,,,,
470,4,,3,2,1,75,75,1 a 8 años,5,$ 270.000 COP,$ 5.800.000,$435.000.000,
471,4,,3,2,1,70,0,,4,$ 261.500 COP,"$ 4.857.142,86",$340.000.000,
472,5,,3,4,2,156,156,1 a 8 años,2,$ 889.000 COP,"$ 5.512.820,51",$860.000.000,
473,4,,3,2,1,76,76,más de 30 años,3,$ 185.000 COP,"$ 4.210.526,32",$320.000.000,
474,3,En construcción,,,,,,,,,,,
475,4,,3,2,1,75,75,1 a 8 años,,$ 270.000 COP,$ 5.800.000,$435.000.000,
476,5,,4,2,2,125,125,16 a 30 años,4,$ 100.000 COP,$ 3.760.000,$470.000.000,
477,6,Excelente,3,2,1,96,0,menor a 1 año,13,$ 600.000 COP,"$ 7.708.333,33",$740.000.000,
478,4,,3,2,1,73,73,1 a 8 años,Otro,$ 225.600 COP,"$ 5.273.972,6",$385.000.000,
479,5,,3,4,2,200,200,más de 30 años,2,$ 720.000 COP,$ 4.250.000,$850.000.000,
480,5,En construcción,,,,,,,,,,,
481,5,,2,2,1,68,68,1 a 8 años,16,No definida,"$ 7.058.823,53",$480.000.000,
482,5,,3,2,1,98,98,,4,$ 231.000 COP,"$ 5.204.081,63",$510.000.000,
483,4,,2,2,,55,55,,8,No definida,"$ 3.454.545,45",$190.000.000,
484,5,,3,4,2,200,200,más de 30 años,,$ 720.000 COP,$ 4.250.000,$850.000.000,
485,5,,3,3,1,97,97,16 a 30 años,7,$ 281.000 COP,"$ 5.463.917,53",$530.000.000,
486,4,En construcción,,,,,,,,,,,
487,5,,3,2,2,107,130,1 a 8 años,5,$ 407.175 COP,"$ 6.074.766,36",$650.000.000,
488,4,,3,2,2,84,84,9 a 15 años,1,$ 260.000 COP,"$ 5.714.285,71",$480.000.000,
489,5,,3,3,1,130,130,9 a 15 años,,$ 311.000 COP,"$ 5.769.230,77",$750.000.000,
490,5,,3,2,1,96,96,9 a 15 años,6,$ 500.000 COP,$ 6.562.500,$630.000.000,
491,6,,3,5,2,164,164,9 a 15 años,11,$ 684.000 COP,"$ 7.317.073,17",$1.200.000.000,
492,6,,1,2,,112,0,,,No definida,"$ 13.392.857,14",$1.500.000.000,
493,5,,2,2,1,60,60,más de 30 años,3,$ 180.000 COP,"$ 5.833.333,33",$350.000.000,
494,5,,3,2,1,80,80,16 a 30 años,3,$ 346.000 COP,$ 6.625.000,$530.000.000,
495,5,Sobre planos,,,,,,,,,,,
496,4,,3,2,1,68,68,1 a 8 años,,$ 230.000 COP,"$ 5.808.823,53",$395.000.000,
497,6,,3,2,1,124,117,16 a 30 años,2,$ 600.000 COP,"$ 4.395.161,29",$545.000.000,
498,5,Sobre planos,,,,,,,,,,,
499,4,,3,2,1,75,0,,Otro,$ 360.000 COP,"$ 6.666.666,67",$500.000.000,
500,4,,3,2,1,60,60,9 a 15 años,Otro,$ 200.000 COP,$ 5.050.000,$303.000.000,
501,4,,3,2,1,84,84,,,$ 280.000 COP,"$ 6.904.761,9",$580.000.000,
502,5,En construcción,,,,,,,,,,,
503,5,,4,3,1,103,103,16 a 30 años,4,$ 300.000 COP,"$ 5.825.242,72",$600.000.000,
504,5,,3,2,1,120,0,,4,$ 300.000 COP,"$ 4.083.333,33",$490.000.000,
505,3,,2,1,,40,0,,14,$ 103.000 COP,$ 3.875.000,$155.000.000,
506,4,,3,2,1,74,0,,3,$ 250.000 COP,"$ 5.810.810,81",$430.000.000,
507,5,Sobre planos,,,,,,,,,,,
508,5,,2,2,1,68,68,1 a 8 años,16,No definida,"$ 7.058.823,53",$480.000.000,
509,5,,3,2,1,67,67,9 a 15 años,4,$ 250.000 COP,"$ 6.776.119,4",$454.000.000,
510,3,,2,1,1,38,0,1 a 8 años,4,$ 80.000 COP,"$ 3.894.736,84",$148.000.000,
511,3,,3,2,1,69,0,16 a 30 años,11,$ 322.100 COP,"$ 5.681.159,42",$392.000.000,
512,5,,2,2,1,80,0,menor a 1 año,12,No definida,$ 9.375.000,$750.000.000,
513,4,Sobre planos,,,,,,,,,,,
514,5,,3,4,1,145,0,,2,$ 140.000 COP,"$ 3.793.103,45",$550.000.000,
515,3,,3,2,,58,58,1 a 8 años,Otro,$ 136.000 COP,"$ 4.310.344,83",$250.000.000,
516,5,,3,2,1,65,0,,13,No definida,"$ 8.769.230,77",$570.000.000,
517,4,,3,4,2,113,113,1 a 8 años,16,$ 336.000 COP,"$ 7.876.106,19",$890.000.000,
518,5,,3,2,1,81,0,,3,No definida,"$ 4.444.444,44",$360.000.000,
519,3,En construcción,,,,,,,,,,,
520,6,,3,4,2,200,0,1 a 8 años,7,$ 607.000 COP,$ 7.170.000,$1.434.000.000,
521,4,,3,2,1,113,0,,2,No definida,"$ 6.902.654,87",$780.000.000,
522,5,,3,3,2,102,102,16 a 30 años,7,$ 320.000 COP,"$ 5.147.058,82",$525.000.000,
523,6,,3,3,1,140,0,más de 30 años,6,$ 770.000 COP,"$ 4.964.285,71",$695.000.000,
524,6,,1,1,1,40,40,,10,No definida,$ 9.975.000,$399.000.000,
525,5,,4,3,1,126,126,más de 30 años,4,$ 150.000 COP,"$ 3.888.888,89",$490.000.000,
526,4,,3,3,1,116,116,16 a 30 años,5,$ 117.000 COP,"$ 3.103.448,28",$360.000.000,
527,6,,3,2,2,85,85,16 a 30 años,,$ 580.000 COP,"$ 5.529.411,76",$470.000.000,
528,4,Sobre planos,,,,,,,,,,,
529,5,,3,2,1,84,84,1 a 8 años,6,$ 544.000 COP,"$ 6.369.047,62",$535.000.000,
530,4,,3,2,1,99,0,9 a 15 años,10,$ 380.000 COP,"$ 5.555.555,56",$550.000.000,
531,5,Sobre planos,,,,,,,,,,,
532,4,,3,2,1,57,57,9 a 15 años,,$ 264.000 COP,"$ 6.491.228,07",$370.000.000,
533,5,,3,2,1,84,84,,,$ 454.000 COP,"$ 5.523.809,52",$464.000.000,
534,4,,3,2,1,53,53,1 a 8 años,4,$ 150.000 COP,"$ 4.716.981,13",$250.000.000,
535,4,En construcción,,,,,,,,,,,
536,4,,2,2,1,89,0,,10,$ 250.000 COP,"$ 6.516.853,93",$580.000.000,
537,3,,3,2,,57,57,1 a 8 años,4,No definida,"$ 3.859.649,12",$220.000.000,
538,5,,3,2,1,86,86,1 a 8 años,,$ 580.000 COP,"$ 5.697.674,42",$490.000.000,
539,6,,2,3,2,108,108,1 a 8 años,,$ 1 COP,"$ 8.703.703,7",$940.000.000,
540,3,En construcción,,,,,,,,,,,
541,4,,3,2,,65,65,16 a 30 años,3,$ 185.000 COP,"$ 4.692.307,69",$305.000.000,
542,3,,3,2,1,64,0,,Otro,$ 210.000 COP,$ 4.843.750,$310.000.000,
543,2,,2,1,,50,50,,Otro,No definida,$ 2.800.000,$140.000.000,
544,4,,3,2,1,72,72,1 a 8 años,Otro,$ 272.500 COP,$ 5.000.000,$360.000.000,
545,5,,3,4,,170,0,,1,$ 295.000 COP,"$ 3.470.588,24",$590.000.000,
546,5,Sobre planos,,,,,,,,,,,
547,6,,3,4,3,226,226,16 a 30 años,,$ 1.150.000 COP,"$ 6.725.663,72",$1.520.000.000,
548,5,,3,3,1,142,0,,4,$ 225.000 COP,"$ 5.070.422,54",$720.000.000,
549,3,,2,2,1,64,0,,4,$ 232.000 COP,$ 5.000.000,$320.000.000,
550,4,,2,1,,42,42,9 a 15 años,11,$ 164.900 COP,$ 5.000.000,$210.000.000,
551,4,,2,2,1,119,119,9 a 15 años,1,No definida,"$ 3.949.579,83",$470.000.000,
552,4,Sobre planos,,,,,,,,,,,
553,5,,3,2,1,89,89,1 a 8 años,Otro,$ 320.000 COP,"$ 6.292.134,83",$560.000.000,
554,4,,3,2,,70,70,16 a 30 años,2,$ 280.000 COP,"$ 5.857.142,86",$410.000.000,
555,5,,3,2,1,78,0,1 a 8 años,Otro,$ 280.000 COP,"$ 6.089.743,59",$475.000.000,
556,4,,3,3,1,112,0,,,$ 250.000 COP,"$ 5.178.571,43",$580.000.000,
557,5,,1,2,,53,53,1 a 8 años,2,No definida,"$ 7.547.169,81",$400.000.000,
558,2,,4,1,,65,0,,,No definida,"$ 2.538.461,54",$165.000.000,
559,2,,2,1,,50,50,,Otro,No definida,$ 2.800.000,$140.000.000,
560,4,,3,2,1,71,71,más de 30 años,,$ 231.000 COP,"$ 5.774.647,89",$410.000.000,
561,5,Sobre planos,,,,,,,,,,,
562,5,,3,2,1,87,0,,,$ 365.000 COP,"$ 7.126.436,78",$620.000.000,
563,4,,3,2,2,54,54,menor a 1 año,11,$ 250.000 COP,"$ 7.037.037,04",$380.000.000,
564,5,Sobre planos,,,,,,,,,,,
565,6,Bueno,2,3,2,90,90,9 a 15 años,,$ 480.000 COP,"$ 7.222.222,22",$650.000.000,
566,6,Bueno,3,4,3,202,202,16 a 30 años,,$ 1 COP,"$ 4.356.435,64",$880.000.000,
567,6,Bueno,2,3,2,105,105,1 a 8 años,,$ 420.000 COP,$ 10.000.000,$1.050.000.000,
568,3,En construcción,,,,,,,,,,,
569,6,Bueno,3,2,1,83,83,16 a 30 años,,$ 475.000 COP,"$ 8.012.048,19",$665.000.000,
570,3,,2,2,,123,0,,2,No definida,"$ 1.951.219,51",$240.000.000,
571,6,Bueno,3,3,2,128,128,1 a 8 años,,$ 650.000 COP,$ 6.093.750,$780.000.000,
572,6,Bueno,3,2,2,108,108,16 a 30 años,,$ 642.000 COP,"$ 4.907.407,41",$530.000.000,
573,5,En construcción,,,,,,,,,,,
574,6,Bueno,3,2,1,112,112,más de 30 años,,$ 411.000 COP,"$ 5.535.714,29",$620.000.000,
575,4,,3,2,1,94,94,más de 30 años,,$ 340.000 COP,"$ 4.734.042,55",$445.000.000,
576,6,Bueno,2,2,1,72,72,más de 30 años,,$ 300.000 COP,"$ 6.458.333,33",$465.000.000,
577,6,Bueno,3,4,2,131,131,9 a 15 años,,$ 712.000 COP,"$ 7.862.595,42",$1.030.000.000,
578,3,,3,2,,55,55,,,No definida,"$ 3.454.545,45",$190.000.000,
579,4,En construcción,,,,,,,,,,,
580,5,,2,2,,93,93,,,No definida,"$ 6.344.086,02",$590.000.000,
581,6,Bueno,3,4,2,183,183,16 a 30 años,,$ 700.000 COP,"$ 4.644.808,74",$850.000.000,
582,5,Bueno,2,3,2,161,161,1 a 8 años,,$ 758.000 COP,"$ 8.074.534,16",$1.300.000.000,
583,6,Bueno,3,2,2,100,100,16 a 30 años,,$ 582.000 COP,$ 7.900.000,$790.000.000,
584,4,Bueno,3,2,1,86,86,,,$ 400.000 COP,"$ 6.081.395,35",$523.000.000,
585,5,Sobre planos,,,,,,,,,,,
586,6,Bueno,5,5,3,428,428,16 a 30 años,,$ 2.400.000 COP,"$ 5.724.299,07",$2.450.000.000,
587,5,Bueno,3,2,1,111,111,9 a 15 años,,$ 425.000 COP,"$ 7.342.342,34",$815.000.000,
588,6,Bueno,3,4,3,362,362,16 a 30 años,,$ 1.700.000 COP,"$ 3.812.154,7",$1.380.000.000,
589,6,Bueno,3,4,2,128,128,1 a 8 años,,$ 550.000 COP,$ 9.140.625,$1.170.000.000,
590,6,Bueno,3,2,2,97,97,1 a 8 años,,$ 380.000 COP,"$ 7.010.309,28",$680.000.000,
591,6,Bueno,3,4,2,293,293,9 a 15 años,,$ 1.100.000 COP,"$ 5.904.436,86",$1.730.000.000,
592,6,Bueno,3,3,2,123,123,más de 30 años,,$ 480.000 COP,"$ 6.097.560,98",$750.000.000,
593,4,Bueno,3,4,3,220,220,1 a 8 años,,$ 950.000 COP,"$ 5.772.727,27",$1.270.000.000,
594,5,Sobre planos,,,,,,,,,,,
595,5,,2,1,1,45,0,,,$ 300.000 COP,"$ 6.333.333,33",$285.000.000,
596,3,,2,2,,65,0,16 a 30 años,2,No definida,"$ 3.846.153,85",$250.000.000,
597,5,En construcción,,,,,,,,,,,
598,6,Bueno,3,4,2,130,130,16 a 30 años,,$ 670.000 COP,"$ 5.692.307,69",$740.000.000,
599,6,Bueno,2,3,1,79,79,1 a 8 años,,$ 330.000 COP,"$ 8.417.721,52",$665.000.000,
600,5,Bueno,3,3,1,133,133,más de 30 años,,$ 650.000 COP,"$ 5.112.781,95",$680.000.000,
601,5,Sobre planos,,,,,,,,,,,
602,6,Bueno,3,2,2,94,94,9 a 15 años,,$ 500.000 COP,"$ 7.180.851,06",$675.000.000,
603,6,Bueno,4,5,2,300,300,16 a 30 años,,$ 950.000 COP,"$ 4.233.333,33",$1.270.000.000,
604,6,Bueno,3,4,2,208,208,9 a 15 años,,$ 1.007.200 COP,"$ 3.701.923,08",$770.000.000,
605,5,Bueno,3,2,2,120,120,más de 30 años,,$ 812.000 COP,$ 4.000.000,$480.000.000,
606,3,En construcción,,,,,,,,,,,
607,6,Bueno,3,4,2,244,244,16 a 30 años,,$ 1.000.000 COP,"$ 6.967.213,11",$1.700.000.000,
608,6,,3,6,,590,590,,,No definida,"$ 5.423.728,81",$3.200.000.000,
609,6,Bueno,3,2,2,108,108,16 a 30 años,,$ 642.000 COP,"$ 4.907.407,41",$530.000.000,
610,6,Bueno,3,4,3,292,292,16 a 30 años,,$ 613.000 COP,"$ 3.869.863,01",$1.130.000.000,
611,6,Bueno,3,3,2,137,137,9 a 15 años,,$ 518.000 COP,"$ 8.248.175,18",$1.130.000.000,
612,4,Sobre planos,,,,,,,,,,,
613,5,Bueno,2,3,2,170,170,1 a 8 años,,$ 600.000 COP,"$ 8.529.411,76",$1.450.000.000,
614,4,Bueno,3,2,1,86,86,,,$ 400.000 COP,"$ 6.081.395,35",$523.000.000,
615,6,Bueno,3,2,2,106,106,9 a 15 años,,$ 598.000 COP,"$ 6.981.132,08",$740.000.000,
616,4,,3,2,,82,82,,,No definida,"$ 6.097.560,98",$500.000.000,
617,6,Bueno,3,3,2,116,116,1 a 8 años,,$ 636.400 COP,"$ 8.362.068,97",$970.000.000,
618,5,Sobre planos,,,,,,,,,,,
619,6,Bueno,3,3,2,107,107,1 a 8 años,,$ 480.000 COP,"$ 7.149.532,71",$765.000.000,
620,6,Bueno,3,4,2,225,225,1 a 8 años,,$ 951.000 COP,"$ 10.177.777,78",$2.290.000.000,
621,4,Bueno,2,2,1,55,55,9 a 15 años,,$ 200.000 COP,"$ 5.272.727,27",$290.000.000,
622,6,Bueno,3,4,3,224,224,9 a 15 años,,$ 600.000 COP,"$ 6.651.785,71",$1.490.000.000,
623,6,Bueno,3,4,2,148,148,1 a 8 años,,$ 730.000 COP,"$ 5.912.162,16",$875.000.000,
624,6,Bueno,3,3,2,152,152,16 a 30 años,,$ 600.000 COP,"$ 4.046.052,63",$615.000.000,
625,6,Bueno,4,4,3,270,270,más de 30 años,,$ 970.000 COP,"$ 4.166.666,67",$1.125.000.000,
626,6,Bueno,2,3,1,90,90,9 a 15 años,,$ 600.000 COP,"$ 6.222.222,22",$560.000.000,
627,5,Sobre planos,,,,,,,,,,,
628,6,Bueno,3,3,1,117,117,16 a 30 años,,$ 480.000 COP,"$ 5.299.145,3",$620.000.000,
629,3,,2,1,,44,44,menor a 1 año,16,$ 230.000 COP,"$ 4.659.090,91",$205.000.000,
630,3,En construcción,,,,,,,,,,,
631,2,,3,2,,74,74,9 a 15 años,3,$ 194.000 COP,"$ 3.513.513,51",$260.000.000,
632,5,,3,3,1,106,0,,3,$ 235.000 COP,$ 5.000.000,$530.000.000,
633,5,,3,2,1,89,89,16 a 30 años,4,$ 320.000 COP,"$ 3.539.325,84",$315.000.000,
634,4,Sobre planos,,,,,,,,,,,
635,4,,4,3,2,150,150,,,$ 400.000 COP,$ 5.200.000,$780.000.000,
636,3,,3,2,,90,0,,2,No definida,"$ 2.777.777,78",$250.000.000,
637,4,,3,3,1,97,0,1 a 8 años,3,$ 400.000 COP,"$ 5.845.360,82",$567.000.000,
638,4,,3,3,1,63,0,más de 30 años,,$ 200.000 COP,"$ 5.238.095,24",$330.000.000,
639,5,Sobre planos,,,,,,,,,,,
640,4,,2,2,1,62,62,,9,$ 250.000 COP,"$ 6.774.193,55",$420.000.000,
641,6,,3,4,1,158,158,1 a 8 años,,No definida,"$ 7.018.987,34",$1.109.000.000,
642,4,,2,2,1,62,62,1 a 8 años,,$ 265.000 COP,"$ 6.935.483,87",$430.000.000,
643,5,Excelente,4,3,1,103,103,1 a 8 años,10,$ 386.000 COP,"$ 5.048.543,69",$520.000.000,Loft
644,6,,3,4,3,255,255,1 a 8 años,,$ 1.005.000 COP,"$ 8.431.372,55",$2.150.000.000,
645,5,Sobre planos,,,,,,,,,,,
646,4,,3,2,,58,58,16 a 30 años,11,$ 210.000 COP,"$ 4.310.344,83",$250.000.000,
647,5,,3,3,,126,0,,2,No definida,"$ 5.555.555,56",$700.000.000,
648,4,,3,2,,78,0,,2,No definida,"$ 4.230.769,23",$330.000.000,
649,6,,3,4,3,198,198,1 a 8 años,,$ 760.000 COP,$ 10.000.000,$1.980.000.000,
650,4,,3,2,1,63,63,más de 30 años,,$ 183.000 COP,"$ 5.079.365,08",$320.000.000,
651,5,En construcción,,,,,,,,,,,
652,3,,4,3,,112,0,16 a 30 años,4,$ 100.000 COP,"$ 2.946.428,57",$330.000.000,
653,3,,5,4,,100,0,,4,No definida,$ 3.400.000,$340.000.000,
654,1,,3,2,,80,0,,,No definida,$ 2.562.500,$205.000.000,
655,6,Bueno,3,3,2,125,125,16 a 30 años,,$ 532.000 COP,$ 6.400.000,$800.000.000,
656,5,,3,4,2,116,116,16 a 30 años,8,$ 389.700 COP,"$ 5.344.827,59",$620.000.000,
657,5,,3,2,1,67,67,9 a 15 años,4,$ 250.000 COP,"$ 6.776.119,4",$454.000.000,
658,6,,3,4,2,171,171,16 a 30 años,,$ 960.000 COP,"$ 7.309.941,52",$1.250.000.000,
659,5,,4,4,2,204,164,más de 30 años,,$ 570.000 COP,"$ 3.676.470,59",$750.000.000,
660,4,En construcción,,,,,,,,,,,
661,6,,3,4,2,134,134,1 a 8 años,16,$ 720.000 COP,"$ 8.917.910,45",$1.195.000.000,
662,4,,3,2,1,99,0,9 a 15 años,10,$ 380.000 COP,"$ 5.555.555,56",$550.000.000,
663,3,En construcción,,,,,,,,,,,
664,5,,3,2,1,77,77,,,$ 327.200 COP,"$ 5.844.155,84",$450.000.000,
665,3,,3,1,,53,0,,,No definida,"$ 4.245.283,02",$225.000.000,
666,5,,4,2,,100,0,,3,$ 346.000 COP,$ 4.300.000,$430.000.000,
667,4,Sobre planos,,,,,,,,,,,
668,3,,3,2,1,70,0,,7,No definida,"$ 4.571.428,57",$320.000.000,
669,3,,3,1,,63,0,,5,$ 170.000 COP,"$ 3.571.428,57",$225.000.000,
670,3,,3,3,1,85,0,,2,$ 100.000 COP,"$ 3.505.882,35",$298.000.000,
671,4,,3,2,,113,0,,2,No definida,"$ 3.451.327,43",$390.000.000,
672,5,En construcción,,,,,,,,,,,
673,2,,2,1,,55,0,,2,No definida,"$ 3.272.727,27",$180.000.000,
674,4,,3,2,1,100,0,,4,$ 152.000 COP,$ 4.100.000,$410.000.000,
675,6,,5,6,1,425,0,,2,$ 1.100.000 COP,$ 5.600.000,$2.380.000.000,
676,5,,3,2,,69,0,,3,No definida,"$ 5.217.391,3",$360.000.000,
677,3,,2,2,1,53,53,1 a 8 años,Otro,$ 180.000 COP,"$ 6.037.735,85",$320.000.000,
678,4,En construcción,,,,,,,,,,,
679,5,,3,2,,85,0,,1,No definida,"$ 4.117.647,06",$350.000.000,
680,5,,3,2,1,104,0,,3,$ 400.000 COP,"$ 6.442.307,69",$670.000.000,
681,4,,2,2,,56,0,,2,No definida,"$ 4.732.142,86",$265.000.000,
682,2,,3,2,,106,0,,2,No definida,"$ 2.169.811,32",$230.000.000,
683,5,,3,2,1,78,78,,,$ 319.000 COP,"$ 6.074.358,97",$473.800.000,
684,5,Sobre planos,,,,,,,,,,,
685,4,,3,2,1,94,0,,3,$ 160.000 COP,"$ 4.202.127,66",$395.000.000,
686,5,,3,2,1,100,0,,2,No definida,$ 3.500.000,$350.000.000,
687,5,,3,3,1,126,126,,,$ 316.000 COP,"$ 5.396.825,4",$680.000.000,
688,3,,3,1,,75,0,,2,No definida,$ 3.400.000,$255.000.000,
689,3,,3,2,,66,0,,1,$ 195.000 COP,"$ 3.409.090,91",$225.000.000,
690,3,,3,1,,83,0,,2,No definida,"$ 3.602.409,64",$299.000.000,
691,4,,3,2,1,82,0,,,$ 300.000 COP,"$ 4.878.048,78",$400.000.000,
692,3,,3,2,,87,0,,3,No definida,"$ 4.022.988,51",$350.000.000,
693,4,Sobre planos,,,,,,,,,,,
694,5,,3,2,1,92,92,16 a 30 años,9,$ 364.000 COP,"$ 5.108.695,65",$470.000.000,
695,6,,4,4,2,305,0,más de 30 años,1,No definida,"$ 5.081.967,21",$1.550.000.000,
696,5,Sobre planos,,,,,,,,,,,
697,5,,3,3,1,102,102,1 a 8 años,3,$ 720.000 COP,"$ 4.509.803,92",$460.000.000,
698,4,,3,2,1,74,74,9 a 15 años,13,$ 330.000 COP,"$ 5.810.810,81",$430.000.000,
699,5,,2,2,1,67,0,,4,$ 411.000 COP,"$ 6.268.656,72",$420.000.000,
700,4,En construcción,,,,,,,,,,,
701,4,Excelente,4,4,1,205,0,,,$ 817.000 COP,"$ 2.195.121,95",$450.000.000,Loft
702,3,,3,2,1,62,62,1 a 8 años,15,$ 230.000 COP,"$ 4.838.709,68",$300.000.000,
703,4,,3,2,1,57,57,1 a 8 años,,$ 230.000 COP,"$ 5.964.912,28",$340.000.000,
704,6,,3,2,2,151,0,16 a 30 años,,No definida,"$ 4.635.099,34",$699.900.000,
705,4,Sobre planos,,,,,,,,,,,
706,6,,2,4,3,194,194,9 a 15 años,,$ 1.065.000 COP,"$ 8.015.463,92",$1.555.000.000,
707,2,,3,2,,98,0,,,No definida,"$ 2.551.020,41",$250.000.000,
708,4,,2,2,1,56,56,1 a 8 años,,$ 275.000 COP,"$ 4.821.428,57",$270.000.000,
709,5,,3,3,1,132,132,,3,$ 225.000 COP,"$ 3.484.848,48",$460.000.000,
710,4,,3,2,1,90,0,,3,$ 309.900 COP,"$ 7.555.555,56",$680.000.000,
711,5,En construcción,,,,,,,,,,,
712,4,,3,2,1,68,0,,14,$ 270.000 COP,"$ 6.029.411,76",$410.000.000,
713,2,,3,2,,74,74,9 a 15 años,3,$ 194.000 COP,"$ 3.513.513,51",$260.000.000,
714,3,,3,2,1,52,0,,Otro,$ 201.500 COP,"$ 5.192.307,69",$270.000.000,
715,5,,3,2,,92,0,16 a 30 años,2,$ 293.000 COP,"$ 4.891.304,35",$450.000.000,
716,5,,4,4,2,204,164,más de 30 años,1,$ 570.000 COP,"$ 3.676.470,59",$750.000.000,
717,3,En construcción,,,,,,,,,,,
718,6,,3,2,2,110,0,,11,$ 410.000 COP,"$ 6.818.181,82",$750.000.000,
719,4,,3,2,1,70,0,,5,$ 170.000 COP,"$ 4.142.857,14",$290.000.000,
720,5,,2,2,1,67,0,,,$ 411.000 COP,"$ 6.268.656,72",$420.000.000,
721,6,,3,4,2,305,305,16 a 30 años,,$ 1.125.000 COP,"$ 10.655.737,7",$3.250.000.000,
722,4,,3,2,1,70,70,16 a 30 años,4,$ 315.000 COP,$ 5.000.000,$350.000.000,
723,4,,3,2,1,100,0,,3,$ 270.000 COP,$ 6.000.000,$600.000.000,
724,5,,4,3,2,161,161,,7,$ 580.000 COP,"$ 4.534.161,49",$730.000.000,
725,5,,3,3,1,88,88,16 a 30 años,1,$ 500.000 COP,"$ 4.090.909,09",$360.000.000,
726,4,En construcción,,,,,,,,,,,
727,6,Bueno,3,3,1,117,117,16 a 30 años,,$ 480.000 COP,"$ 5.299.145,3",$620.000.000,
728,4,,3,2,2,54,54,menor a 1 año,11,$ 250.000 COP,"$ 7.037.037,04",$380.000.000,
729,5,Sobre planos,,,,,,,,,,,
730,3,Excelente,3,2,1,88,0,9 a 15 años,,$ 50.000 COP,"$ 3.977.272,73",$350.000.000,Loft
731,3,Excelente,4,2,,130,0,más de 30 años,,No definida,"$ 2.615.384,62",$340.000.000,Loft
732,3,Excelente,3,2,,96,0,más de 30 años,,No definida,"$ 2.291.666,67",$220.000.000,Loft
733,5,Sobre planos,,,,,,,,,,,
734,3,Excelente,3,2,,42,0,16 a 30 años,,$ 125.300 COP,"$ 4.047.619,05",$170.000.000,Loft
735,3,Excelente,3,2,,56,0,9 a 15 años,,$ 140.000 COP,"$ 4.285.714,29",$240.000.000,Loft
736,4,Excelente,4,4,2,147,0,más de 30 años,,$ 468.000 COP,"$ 4.557.823,13",$670.000.000,Loft
737,3,Excelente,3,2,1,66,0,,,$ 240.000 COP,"$ 5.303.030,3",$350.000.000,Loft
738,5,En construcción,,,,,,,,,,,
739,4,Excelente,3,2,1,56,0,16 a 30 años,,No definida,"$ 5.714.285,71",$320.000.000,Loft
740,5,Excelente,3,3,1,104,0,más de 30 años,,$ 175.000 COP,"$ 3.557.692,31",$370.000.000,Loft
741,6,Excelente,4,5,2,252,0,más de 30 años,,No definida,"$ 5.952.386,9",$1.500.001.500,Loft
742,2,Excelente,4,2,,62,0,16 a 30 años,,$ 1 COP,"$ 4.838.709,68",$300.000.000,Loft
743,5,Excelente,3,2,1,75,0,1 a 8 años,,No definida,$ 6.400.000,$480.000.000,Loft
744,4,Sobre planos,,,,,,,,,,,
745,5,Excelente,4,3,1,240,0,9 a 15 años,,No definida,"$ 2.833.333,33",$680.000.000,Loft
746,5,Excelente,3,3,1,107,0,más de 30 años,,No definida,"$ 4.672.897,2",$500.000.000,Loft
747,4,,3,2,1,72,0,,3,$ 267.000 COP,"$ 4.722.222,22",$340.000.000,
748,6,Excelente,5,4,2,183,0,,,$ 600.000 COP,"$ 4.360.655,74",$798.000.000,Loft
749,5,Excelente,4,3,1,93,0,16 a 30 años,,$ 286.000 COP,"$ 4.946.236,56",$460.000.000,Loft
750,4,En construcción,,,,,,,,,,,
751,4,Excelente,4,3,1,200,0,más de 30 años,,No definida,$ 3.100.000,$620.000.000,Loft
752,3,Excelente,5,2,,110,0,1 a 8 años,,No definida,"$ 3.409.090,91",$375.000.000,Loft
753,5,,4,4,1,148,0,,4,No definida,"$ 3.513.513,51",$520.000.000,
754,3,Excelente,4,2,,76,0,16 a 30 años,,$ 113.000 COP,"$ 3.421.052,63",$260.000.000,Loft
755,5,Excelente,3,3,2,165,0,16 a 30 años,,$ 723.000 COP,"$ 4.545.454,55",$750.000.000,Loft
756,5,,3,2,1,88,0,,14,$ 404.500 COP,$ 7.500.000,$660.000.000,
757,6,Excelente,2,3,1,72,0,,,$ 268.174 COP,"$ 8.194.444,44",$590.000.000,Loft
758,5,Excelente,3,4,3,246,0,,,$ 456.000 COP,"$ 3.902.439,02",$960.000.000,Loft
759,5,Sobre planos,,,,,,,,,,,
760,4,,3,2,1,94,94,16 a 30 años,3,$ 180.000 COP,"$ 4.202.127,66",$395.000.000,
761,6,,3,2,1,124,117,16 a 30 años,2,$ 600.000 COP,"$ 4.395.161,29",$545.000.000,
762,5,Sobre planos,,,,,,,,,,,
763,2,Excelente,3,1,,37,0,9 a 15 años,,$ 120.000 COP,"$ 4.864.864,86",$180.000.000,Loft
764,5,,3,2,,86,0,,1,No definida,"$ 4.069.767,44",$350.000.000,
765,4,,3,2,1,77,77,1 a 8 años,,No definida,"$ 8.181.818,18",$630.000.000,
766,5,Sobre planos,,,,,,,,,,,
767,3,,4,3,,108,0,,,No definida,"$ 3.518.518,52",$380.000.000,
768,4,,3,2,,136,0,,,No definida,$ 2.500.000,$340.000.000,
769,4,,1,1,1,36,0,,,$ 167.300 COP,"$ 6.666.666,67",$240.000.000,
770,5,,3,3,1,101,0,,3,$ 167.000 COP,"$ 4.356.435,64",$440.000.000,
771,3,En construcción,,,,,,,,,,,
772,3,,2,1,,60,0,,3,No definida,"$ 3.333.333,33",$200.000.000,
773,5,,2,2,1,73,0,,,$ 158.000 COP,"$ 4.794.520,55",$350.000.000,
774,3,Excelente,1,1,,35,0,16 a 30 años,,No definida,"$ 3.857.142,86",$135.000.000,Loft
775,2,,3,2,,52,0,,,No definida,"$ 3.461.538,46",$180.000.000,
776,5,,4,4,1,150,0,,,$ 330.000 COP,$ 5.200.000,$780.000.000,
777,4,Sobre planos,,,,,,,,,,,
778,4,,3,2,,101,0,,,No definida,"$ 3.861.386,14",$390.000.000,
779,4,,1,1,,39,0,,4,No definida,"$ 6.025.641,03",$235.000.000,
780,5,Excelente,3,4,1,180,0,1 a 8 años,,No definida,"$ 6.111.111,11",$1.100.000.000,Loft
781,1,,3,3,1,269,0,,1,No definida,"$ 3.159.851,3",$850.000.000,
782,4,,3,2,,98,0,,4,$ 100.000 COP,"$ 4.183.673,47",$410.000.000,
783,4,En construcción,,,,,,,,,,,
784,6,Excelente,4,6,4,320,0,16 a 30 años,,$ 1.154.000 COP,$ 3.593.750,$1.150.000.000,Loft
785,5,Excelente,7,4,1,217,0,más de 30 años,,$ 170.000 COP,"$ 3.364.055,3",$730.000.000,Loft
786,4,,4,4,,143,0,,,No definida,"$ 2.937.062,94",$420.000.000,
787,3,Excelente,3,1,,90,0,más de 30 años,,No definida,"$ 2.333.333,33",$210.000.000,Loft
788,2,,3,1,,36,0,,,$ 15.000 COP,"$ 3.888.888,89",$140.000.000,
789,4,,4,3,1,125,0,,4,$ 273.700 COP,$ 3.200.000,$400.000.000,
790,5,,3,3,1,82,0,,,$ 427.000 COP,"$ 5.121.951,22",$420.000.000,
791,4,Excelente,2,2,1,53,1,9 a 15 años,Otro,$ 216.000 COP,"$ 4.811.320,75",$255.000.000,
